[{"pk": 1, "model": "electoralarea.circunscripcion", "fields": {"name": "I - Tarapacá"}}, {"pk": 2, "model": "electoralarea.circunscripcion", "fields": {"name": "II - Antofagasta"}}, {"pk": 3, "model": "electoralarea.circunscripcion", "fields": {"name": "III - Atacama"}}, {"pk": 4, "model": "electoralarea.circunscripcion", "fields": {"name": "IV - Coquimbo"}}, {"pk": 9, "model": "electoralarea.circunscripcion", "fields": {"name": "IX - O'Higgins"}}, {"pk": 5, "model": "electoralarea.circunscripcion", "fields": {"name": "V - Valparaíso Cordillera"}}, {"pk": 6, "model": "electoralarea.circunscripcion", "fields": {"name": "VI - Valparaíso Costa"}}, {"pk": 7, "model": "electoralarea.circunscripcion", "fields": {"name": "VII - Santiago Poniente"}}, {"pk": 8, "model": "electoralarea.circunscripcion", "fields": {"name": "VIII - Santiago Oriente"}}, {"pk": 10, "model": "electoralarea.circunscripcion", "fields": {"name": "X - Maule Norte"}}, {"pk": 11, "model": "electoralarea.circunscripcion", "fields": {"name": "XI - Maule Sur"}}, {"pk": 12, "model": "electoralarea.circunscripcion", "fields": {"name": "XII - Biobío Costa"}}, {"pk": 13, "model": "electoralarea.circunscripcion", "fields": {"name": "XIII - Biobío Cordillera"}}, {"pk": 14, "model": "electoralarea.circunscripcion", "fields": {"name": "XIV - Araucanía Norte"}}, {"pk": 19, "model": "electoralarea.circunscripcion", "fields": {"name": "XIX - Magallanes"}}, {"pk": 15, "model": "electoralarea.circunscripcion", "fields": {"name": "XV - Araucanía Sur"}}, {"pk": 16, "model": "electoralarea.circunscripcion", "fields": {"name": "XVI - Los Ríos"}}, {"pk": 17, "model": "electoralarea.circunscripcion", "fields": {"name": "XVII - Los Lagos"}}, {"pk": 18, "model": "electoralarea.circunscripcion", "fields": {"name": "XVIII - Aysén"}}, {"pk": 1, "model": "electoralarea.district", "fields": {"circunscripcion": 1, "name": "Distrito Número 1"}}, {"pk": 10, "model": "electoralarea.district", "fields": {"circunscripcion": 5, "name": "Distrito Número 10"}}, {"pk": 11, "model": "electoralarea.district", "fields": {"circunscripcion": 5, "name": "Distrito Número 11"}}, {"pk": 12, "model": "electoralarea.district", "fields": {"circunscripcion": 5, "name": "Distrito Número 12"}}, {"pk": 13, "model": "electoralarea.district", "fields": {"circunscripcion": 6, "name": "Distrito Número 13"}}, {"pk": 14, "model": "electoralarea.district", "fields": {"circunscripcion": 6, "name": "Distrito Número 14"}}, {"pk": 15, "model": "electoralarea.district", "fields": {"circunscripcion": 6, "name": "Distrito Número 15"}}, {"pk": 16, "model": "electoralarea.district", "fields": {"circunscripcion": 7, "name": "Distrito Número 16"}}, {"pk": 17, "model": "electoralarea.district", "fields": {"circunscripcion": 7, "name": "Distrito Número 17"}}, {"pk": 18, "model": "electoralarea.district", "fields": {"circunscripcion": 7, "name": "Distrito Número 18"}}, {"pk": 19, "model": "electoralarea.district", "fields": {"circunscripcion": 7, "name": "Distrito Número 19"}}, {"pk": 2, "model": "electoralarea.district", "fields": {"circunscripcion": 1, "name": "Distrito Número 2"}}, {"pk": 20, "model": "electoralarea.district", "fields": {"circunscripcion": 7, "name": "Distrito Número 20"}}, {"pk": 24, "model": "electoralarea.district", "fields": {"circunscripcion": 8, "name": "Distrito Número 21"}}, {"pk": 21, "model": "electoralarea.district", "fields": {"circunscripcion": 7, "name": "Distrito Número 22"}}, {"pk": 25, "model": "electoralarea.district", "fields": {"circunscripcion": 8, "name": "Distrito Número 23"}}, {"pk": 26, "model": "electoralarea.district", "fields": {"circunscripcion": 8, "name": "Distrito Número 24"}}, {"pk": 27, "model": "electoralarea.district", "fields": {"circunscripcion": 8, "name": "Distrito Número 25"}}, {"pk": 28, "model": "electoralarea.district", "fields": {"circunscripcion": 8, "name": "Distrito Número 26"}}, {"pk": 29, "model": "electoralarea.district", "fields": {"circunscripcion": 8, "name": "Distrito Número 27"}}, {"pk": 30, "model": "electoralarea.district", "fields": {"circunscripcion": 8, "name": "Distrito Número 28"}}, {"pk": 31, "model": "electoralarea.district", "fields": {"circunscripcion": 8, "name": "Distrito Número 29"}}, {"pk": 3, "model": "electoralarea.district", "fields": {"circunscripcion": 2, "name": "Distrito Número 3"}}, {"pk": 22, "model": "electoralarea.district", "fields": {"circunscripcion": 7, "name": "Distrito Número 30"}}, {"pk": 23, "model": "electoralarea.district", "fields": {"circunscripcion": 7, "name": "Distrito Número 31"}}, {"pk": 32, "model": "electoralarea.district", "fields": {"circunscripcion": 9, "name": "Distrito Número 32"}}, {"pk": 33, "model": "electoralarea.district", "fields": {"circunscripcion": 9, "name": "Distrito Número 33"}}, {"pk": 34, "model": "electoralarea.district", "fields": {"circunscripcion": 9, "name": "Distrito Número 34"}}, {"pk": 35, "model": "electoralarea.district", "fields": {"circunscripcion": 9, "name": "Distrito Número 35"}}, {"pk": 36, "model": "electoralarea.district", "fields": {"circunscripcion": 10, "name": "Distrito Número 36"}}, {"pk": 37, "model": "electoralarea.district", "fields": {"circunscripcion": 10, "name": "Distrito Número 37"}}, {"pk": 38, "model": "electoralarea.district", "fields": {"circunscripcion": 10, "name": "Distrito Número 38"}}, {"pk": 39, "model": "electoralarea.district", "fields": {"circunscripcion": 11, "name": "Distrito Número 39"}}, {"pk": 4, "model": "electoralarea.district", "fields": {"circunscripcion": 2, "name": "Distrito Número 4"}}, {"pk": 40, "model": "electoralarea.district", "fields": {"circunscripcion": 11, "name": "Distrito Número 40"}}, {"pk": 45, "model": "electoralarea.district", "fields": {"circunscripcion": 13, "name": "Distrito Número 41"}}, {"pk": 41, "model": "electoralarea.district", "fields": {"circunscripcion": 12, "name": "Distrito Número 42"}}, {"pk": 42, "model": "electoralarea.district", "fields": {"circunscripcion": 12, "name": "Distrito Número 43"}}, {"pk": 43, "model": "electoralarea.district", "fields": {"circunscripcion": 12, "name": "Distrito Número 44"}}, {"pk": 44, "model": "electoralarea.district", "fields": {"circunscripcion": 12, "name": "Distrito Número 45"}}, {"pk": 46, "model": "electoralarea.district", "fields": {"circunscripcion": 13, "name": "Distrito Número 46"}}, {"pk": 47, "model": "electoralarea.district", "fields": {"circunscripcion": 13, "name": "Distrito Número 47"}}, {"pk": 48, "model": "electoralarea.district", "fields": {"circunscripcion": 14, "name": "Distrito Número 48"}}, {"pk": 49, "model": "electoralarea.district", "fields": {"circunscripcion": 14, "name": "Distrito Número 49"}}, {"pk": 5, "model": "electoralarea.district", "fields": {"circunscripcion": 3, "name": "Distrito Número 5"}}, {"pk": 50, "model": "electoralarea.district", "fields": {"circunscripcion": 15, "name": "Distrito Número 50"}}, {"pk": 51, "model": "electoralarea.district", "fields": {"circunscripcion": 15, "name": "Distrito Número 51"}}, {"pk": 52, "model": "electoralarea.district", "fields": {"circunscripcion": 15, "name": "Distrito Número 52"}}, {"pk": 53, "model": "electoralarea.district", "fields": {"circunscripcion": 16, "name": "Distrito Número 53"}}, {"pk": 54, "model": "electoralarea.district", "fields": {"circunscripcion": 16, "name": "Distrito Número 54"}}, {"pk": 55, "model": "electoralarea.district", "fields": {"circunscripcion": 17, "name": "Distrito Número 55"}}, {"pk": 56, "model": "electoralarea.district", "fields": {"circunscripcion": 17, "name": "Distrito Número 56"}}, {"pk": 57, "model": "electoralarea.district", "fields": {"circunscripcion": 17, "name": "Distrito Número 57"}}, {"pk": 58, "model": "electoralarea.district", "fields": {"circunscripcion": 17, "name": "Distrito Número 58"}}, {"pk": 59, "model": "electoralarea.district", "fields": {"circunscripcion": 18, "name": "Distrito Número 59"}}, {"pk": 6, "model": "electoralarea.district", "fields": {"circunscripcion": 3, "name": "Distrito Número 6"}}, {"pk": 60, "model": "electoralarea.district", "fields": {"circunscripcion": 19, "name": "Distrito Número 60"}}, {"pk": 7, "model": "electoralarea.district", "fields": {"circunscripcion": 4, "name": "Distrito Número 7"}}, {"pk": 8, "model": "electoralarea.district", "fields": {"circunscripcion": 4, "name": "Distrito Número 8"}}, {"pk": 9, "model": "electoralarea.district", "fields": {"circunscripcion": 4, "name": "Distrito Número 9"}}, {"pk": 76, "model": "electoralarea.comuna", "fields": {"region": 6, "name": "Algarrobo", "district": 15}}, {"pk": 104, "model": "electoralarea.comuna", "fields": {"region": 7, "name": "Alhué", "district": 23}}, {"pk": 240, "model": "electoralarea.comuna", "fields": {"region": 10, "name": "Alto Biobío", "district": 47}}, {"pk": 5, "model": "electoralarea.comuna", "fields": {"region": 2, "name": "Alto Hospicio", "district": 2}}, {"pk": 24, "model": "electoralarea.comuna", "fields": {"region": 4, "name": "Alto del Carmen", "district": 6}}, {"pk": 312, "model": "electoralarea.comuna", "fields": {"region": 13, "name": "Ancud", "district": 58}}, {"pk": 30, "model": "electoralarea.comuna", "fields": {"region": 5, "name": "Andacollo", "district": 7}}, {"pk": 252, "model": "electoralarea.comuna", "fields": {"region": 11, "name": "Angol", "district": 48}}, {"pk": 17, "model": "electoralarea.comuna", "fields": {"region": 3, "name": "Antofagasta", "district": 4}}, {"pk": 241, "model": "electoralarea.comuna", "fields": {"region": 10, "name": "Antuco", "district": 47}}, {"pk": 336, "model": "electoralarea.comuna", "fields": {"region": 15, "name": "Antártica", "district": 60}}, {"pk": 232, "model": "electoralarea.comuna", "fields": {"region": 10, "name": "Arauco", "district": 46}}, {"pk": 1, "model": "electoralarea.comuna", "fields": {"region": 1, "name": "Arica", "district": 1}}, {"pk": 326, "model": "electoralarea.comuna", "fields": {"region": 14, "name": "Aysén", "district": 59}}, {"pk": 100, "model": "electoralarea.comuna", "fields": {"region": 7, "name": "Buin", "district": 22}}, {"pk": 198, "model": "electoralarea.comuna", "fields": {"region": 10, "name": "Bulnes", "district": 41}}, {"pk": 45, "model": "electoralarea.comuna", "fields": {"region": 6, "name": "Cabildo", "district": 10}}, {"pk": 337, "model": "electoralarea.comuna", "fields": {"region": 15, "name": "Cabo de Hornos", "district": 60}}, {"pk": 199, "model": "electoralarea.comuna", "fields": {"region": 10, "name": "Cabrero", "district": 41}}, {"pk": 12, "model": "electoralarea.comuna", "fields": {"region": 3, "name": "Calama", "district": 3}}, {"pk": 308, "model": "electoralarea.comuna", "fields": {"region": 13, "name": "Calbuco", "district": 57}}, {"pk": 25, "model": "electoralarea.comuna", "fields": {"region": 4, "name": "Caldera", "district": 6}}, {"pk": 101, "model": "electoralarea.comuna", "fields": {"region": 7, "name": "Calera de Tango", "district": 22}}, {"pk": 57, "model": "electoralarea.comuna", "fields": {"region": 6, "name": "Calle Larga", "district": 11}}, {"pk": 2, "model": "electoralarea.comuna", "fields": {"region": 1, "name": "Camarones", "district": 1}}, {"pk": 6, "model": "electoralarea.comuna", "fields": {"region": 2, "name": "Camiña", "district": 2}}, {"pk": 38, "model": "electoralarea.comuna", "fields": {"region": 5, "name": "Canela", "district": 9}}, {"pk": 270, "model": "electoralarea.comuna", "fields": {"region": 11, "name": "Carahue", "district": 51}}, {"pk": 77, "model": "electoralarea.comuna", "fields": {"region": 6, "name": "Cartagena", "district": 15}}, {"pk": 78, "model": "electoralarea.comuna", "fields": {"region": 6, "name": "Casablanca", "district": 15}}, {"pk": 313, "model": "electoralarea.comuna", "fields": {"region": 13, "name": "Castro", "district": 58}}, {"pk": 58, "model": "electoralarea.comuna", "fields": {"region": 6, "name": "Catemu", "district": 11}}, {"pk": 192, "model": "electoralarea.comuna", "fields": {"region": 9, "name": "Cauquenes", "district": 40}}, {"pk": 233, "model": "electoralarea.comuna", "fields": {"region": 10, "name": "Cañete", "district": 46}}, {"pk": 96, "model": "electoralarea.comuna", "fields": {"region": 7, "name": "Cerrillos", "district": 20}}, {"pk": 91, "model": "electoralarea.comuna", "fields": {"region": 7, "name": "Cerro Navia", "district": 18}}, {"pk": 314, "model": "electoralarea.comuna", "fields": {"region": 13, "name": "Chaitén", "district": 58}}, {"pk": 193, "model": "electoralarea.comuna", "fields": {"region": 9, "name": "Chanco", "district": 40}}, {"pk": 21, "model": "electoralarea.comuna", "fields": {"region": 4, "name": "Chañaral", "district": 5}}, {"pk": 215, "model": "electoralarea.comuna", "fields": {"region": 10, "name": "Chiguayante", "district": 43}}, {"pk": 328, "model": "electoralarea.comuna", "fields": {"region": 14, "name": "Chile Chico", "district": 59}}, {"pk": 224, "model": "electoralarea.comuna", "fields": {"region": 10, "name": "Chillán", "district": 45}}, {"pk": 225, "model": "electoralarea.comuna", "fields": {"region": 10, "name": "Chillán Viejo", "district": 45}}, {"pk": 148, "model": "electoralarea.comuna", "fields": {"region": 8, "name": "Chimbarongo", "district": 34}}, {"pk": 271, "model": "electoralarea.comuna", "fields": {"region": 11, "name": "Cholchol", "district": 51}}, {"pk": 315, "model": "electoralarea.comuna", "fields": {"region": 13, "name": "Chonchi", "district": 58}}, {"pk": 154, "model": "electoralarea.comuna", "fields": {"region": 8, "name": "Chépica", "district": 35}}, {"pk": 327, "model": "electoralarea.comuna", "fields": {"region": 14, "name": "Cisnes", "district": 59}}, {"pk": 200, "model": "electoralarea.comuna", "fields": {"region": 10, "name": "Cobquecura", "district": 41}}, {"pk": 309, "model": "electoralarea.comuna", "fields": {"region": 13, "name": "Cochamó", "district": 57}}, {"pk": 330, "model": "electoralarea.comuna", "fields": {"region": 14, "name": "Cochrane", "district": 59}}, {"pk": 136, "model": "electoralarea.comuna", "fields": {"region": 8, "name": "Codegua", "district": 33}}, {"pk": 201, "model": "electoralarea.comuna", "fields": {"region": 10, "name": "Coelemu", "district": 41}}, {"pk": 329, "model": "electoralarea.comuna", "fields": {"region": 14, "name": "Coihaique", "district": 59}}, {"pk": 226, "model": "electoralarea.comuna", "fields": {"region": 10, "name": "Coihueco", "district": 45}}, {"pk": 187, "model": "electoralarea.comuna", "fields": {"region": 9, "name": "Colbún", "district": 39}}, {"pk": 7, "model": "electoralarea.comuna", "fields": {"region": 2, "name": "Colchane", "district": 2}}, {"pk": 83, "model": "electoralarea.comuna", "fields": {"region": 7, "name": "Colina", "district": 16}}, {"pk": 253, "model": "electoralarea.comuna", "fields": {"region": 11, "name": "Collipulli", "district": 48}}, {"pk": 138, "model": "electoralarea.comuna", "fields": {"region": 8, "name": "Coltauco", "district": 33}}, {"pk": 39, "model": "electoralarea.comuna", "fields": {"region": 5, "name": "Combarbalá", "district": 9}}, {"pk": 216, "model": "electoralarea.comuna", "fields": {"region": 10, "name": "Concepción", "district": 43}}, {"pk": 88, "model": "electoralarea.comuna", "fields": {"region": 7, "name": "Conchalí", "district": 17}}, {"pk": 74, "model": "electoralarea.comuna", "fields": {"region": 6, "name": "Concón", "district": 14}}, {"pk": 178, "model": "electoralarea.comuna", "fields": {"region": 9, "name": "Constitución", "district": 38}}, {"pk": 234, "model": "electoralarea.comuna", "fields": {"region": 10, "name": "Contulmo", "district": 46}}, {"pk": 22, "model": "electoralarea.comuna", "fields": {"region": 4, "name": "Copiapó", "district": 5}}, {"pk": 35, "model": "electoralarea.comuna", "fields": {"region": 5, "name": "Coquimbo", "district": 8}}, {"pk": 218, "model": "electoralarea.comuna", "fields": {"region": 10, "name": "Coronel", "district": 44}}, {"pk": 284, "model": "electoralarea.comuna", "fields": {"region": 12, "name": "Corral", "district": 53}}, {"pk": 137, "model": "electoralarea.comuna", "fields": {"region": 8, "name": "Coínco", "district": 33}}, {"pk": 277, "model": "electoralarea.comuna", "fields": {"region": 11, "name": "Cunco", "district": 52}}, {"pk": 260, "model": "electoralarea.comuna", "fields": {"region": 11, "name": "Curacautín", "district": 49}}, {"pk": 105, "model": "electoralarea.comuna", "fields": {"region": 7, "name": "Curacaví", "district": 23}}, {"pk": 316, "model": "electoralarea.comuna", "fields": {"region": 13, "name": "Curaco de Vélez", "district": 58}}, {"pk": 235, "model": "electoralarea.comuna", "fields": {"region": 10, "name": "Curanilahue", "district": 46}}, {"pk": 278, "model": "electoralarea.comuna", "fields": {"region": 11, "name": "Curarrehue", "district": 52}}, {"pk": 179, "model": "electoralarea.comuna", "fields": {"region": 9, "name": "Curepto", "district": 38}}, {"pk": 168, "model": "electoralarea.comuna", "fields": {"region": 9, "name": "Curicó", "district": 36}}, {"pk": 317, "model": "electoralarea.comuna", "fields": {"region": 13, "name": "Dalcahue", "district": 58}}, {"pk": 23, "model": "electoralarea.comuna", "fields": {"region": 4, "name": "Diego de Almagro", "district": 5}}, {"pk": 139, "model": "electoralarea.comuna", "fields": {"region": 8, "name": "Doñihue", "district": 33}}, {"pk": 125, "model": "electoralarea.comuna", "fields": {"region": 7, "name": "El Bosque", "district": 29}}, {"pk": 227, "model": "electoralarea.comuna", "fields": {"region": 10, "name": "El Carmen", "district": 45}}, {"pk": 106, "model": "electoralarea.comuna", "fields": {"region": 7, "name": "El Monte", "district": 23}}, {"pk": 79, "model": "electoralarea.comuna", "fields": {"region": 6, "name": "El Quisco", "district": 15}}, {"pk": 80, "model": "electoralarea.comuna", "fields": {"region": 6, "name": "El Tabo", "district": 15}}, {"pk": 180, "model": "electoralarea.comuna", "fields": {"region": 9, "name": "Empedrado", "district": 38}}, {"pk": 254, "model": "electoralarea.comuna", "fields": {"region": 11, "name": "Ercilla", "district": 48}}, {"pk": 97, "model": "electoralarea.comuna", "fields": {"region": 7, "name": "Estación Central", "district": 20}}, {"pk": 219, "model": "electoralarea.comuna", "fields": {"region": 10, "name": "Florida", "district": 44}}, {"pk": 272, "model": "electoralarea.comuna", "fields": {"region": 11, "name": "Freire", "district": 51}}, {"pk": 27, "model": "electoralarea.comuna", "fields": {"region": 4, "name": "Freirina", "district": 6}}, {"pk": 299, "model": "electoralarea.comuna", "fields": {"region": 13, "name": "Fresia", "district": 56}}, {"pk": 300, "model": "electoralarea.comuna", "fields": {"region": 13, "name": "Frutillar", "district": 56}}, {"pk": 318, "model": "electoralarea.comuna", "fields": {"region": 13, "name": "Futaleufú", "district": 58}}, {"pk": 289, "model": "electoralarea.comuna", "fields": {"region": 12, "name": "Futrono", "district": 54}}, {"pk": 261, "model": "electoralarea.comuna", "fields": {"region": 11, "name": "Galvarino", "district": 49}}, {"pk": 3, "model": "electoralarea.comuna", "fields": {"region": 1, "name": "General Lagos", "district": 1}}, {"pk": 279, "model": "electoralarea.comuna", "fields": {"region": 11, "name": "Gorbea", "district": 52}}, {"pk": 140, "model": "electoralarea.comuna", "fields": {"region": 8, "name": "Graneros", "district": 33}}, {"pk": 331, "model": "electoralarea.comuna", "fields": {"region": 14, "name": "Guaitecas", "district": 59}}, {"pk": 47, "model": "electoralarea.comuna", "fields": {"region": 6, "name": "Hijuelas", "district": 10}}, {"pk": 319, "model": "electoralarea.comuna", "fields": {"region": 13, "name": "Hualaihué", "district": 58}}, {"pk": 169, "model": "electoralarea.comuna", "fields": {"region": 9, "name": "Hualañé", "district": 36}}, {"pk": 213, "model": "electoralarea.comuna", "fields": {"region": 10, "name": "Hualpén", "district": 42}}, {"pk": 220, "model": "electoralarea.comuna", "fields": {"region": 10, "name": "Hualqui", "district": 44}}, {"pk": 8, "model": "electoralarea.comuna", "fields": {"region": 2, "name": "Huara", "district": 2}}, {"pk": 26, "model": "electoralarea.comuna", "fields": {"region": 4, "name": "Huasco", "district": 6}}, {"pk": 89, "model": "electoralarea.comuna", "fields": {"region": 7, "name": "Huechuraba", "district": 17}}, {"pk": 40, "model": "electoralarea.comuna", "fields": {"region": 5, "name": "Illapel", "district": 9}}, {"pk": 94, "model": "electoralarea.comuna", "fields": {"region": 7, "name": "Independencia", "district": 19}}, {"pk": 9, "model": "electoralarea.comuna", "fields": {"region": 2, "name": "Iquique", "district": 2}}, {"pk": 107, "model": "electoralarea.comuna", "fields": {"region": 7, "name": "Isla de Maipo", "district": 23}}, {"pk": 71, "model": "electoralarea.comuna", "fields": {"region": 6, "name": "Isla de Pascua", "district": 13}}, {"pk": 72, "model": "electoralarea.comuna", "fields": {"region": 6, "name": "Juan Fernández", "district": 13}}, {"pk": 46, "model": "electoralarea.comuna", "fields": {"region": 6, "name": "La Calera", "district": 10}}, {"pk": 126, "model": "electoralarea.comuna", "fields": {"region": 7, "name": "La Cisterna", "district": 29}}, {"pk": 48, "model": "electoralarea.comuna", "fields": {"region": 6, "name": "La Cruz", "district": 10}}, {"pk": 155, "model": "electoralarea.comuna", "fields": {"region": 8, "name": "La Estrella", "district": 35}}, {"pk": 124, "model": "electoralarea.comuna", "fields": {"region": 7, "name": "La Florida", "district": 28}}, {"pk": 121, "model": "electoralarea.comuna", "fields": {"region": 7, "name": "La Granja", "district": 27}}, {"pk": 31, "model": "electoralarea.comuna", "fields": {"region": 5, "name": "La Higuera", "district": 7}}, {"pk": 49, "model": "electoralarea.comuna", "fields": {"region": 6, "name": "La Ligua", "district": 10}}, {"pk": 131, "model": "electoralarea.comuna", "fields": {"region": 7, "name": "La Pintana", "district": 31}}, {"pk": 119, "model": "electoralarea.comuna", "fields": {"region": 7, "name": "La Reina", "district": 26}}, {"pk": 32, "model": "electoralarea.comuna", "fields": {"region": 5, "name": "La Serena", "district": 7}}, {"pk": 290, "model": "electoralarea.comuna", "fields": {"region": 12, "name": "La Unión", "district": 54}}, {"pk": 291, "model": "electoralarea.comuna", "fields": {"region": 12, "name": "Lago Ranco", "district": 54}}, {"pk": 332, "model": "electoralarea.comuna", "fields": {"region": 14, "name": "Lago Verde", "district": 59}}, {"pk": 338, "model": "electoralarea.comuna", "fields": {"region": 15, "name": "Laguna Blanca", "district": 60}}, {"pk": 242, "model": "electoralarea.comuna", "fields": {"region": 10, "name": "Laja", "district": 47}}, {"pk": 84, "model": "electoralarea.comuna", "fields": {"region": 7, "name": "Lampa", "district": 16}}, {"pk": 285, "model": "electoralarea.comuna", "fields": {"region": 12, "name": "Lanco", "district": 53}}, {"pk": 149, "model": "electoralarea.comuna", "fields": {"region": 8, "name": "Las Cabras", "district": 34}}, {"pk": 116, "model": "electoralarea.comuna", "fields": {"region": 7, "name": "Las Condes", "district": 25}}, {"pk": 262, "model": "electoralarea.comuna", "fields": {"region": 11, "name": "Lautaro", "district": 49}}, {"pk": 237, "model": "electoralarea.comuna", "fields": {"region": 10, "name": "Lebu", "district": 46}}, {"pk": 170, "model": "electoralarea.comuna", "fields": {"region": 9, "name": "Licantén", "district": 36}}, {"pk": 67, "model": "electoralarea.comuna", "fields": {"region": 6, "name": "Limache", "district": 12}}, {"pk": 188, "model": "electoralarea.comuna", "fields": {"region": 9, "name": "Linares", "district": 39}}, {"pk": 156, "model": "electoralarea.comuna", "fields": {"region": 8, "name": "Litueche", "district": 35}}, {"pk": 59, "model": "electoralarea.comuna", "fields": {"region": 6, "name": "Llaillay", "district": 11}}, {"pk": 301, "model": "electoralarea.comuna", "fields": {"region": 13, "name": "Llanquihue", "district": 56}}, {"pk": 117, "model": "electoralarea.comuna", "fields": {"region": 7, "name": "Lo Barnechea", "district": 25}}, {"pk": 128, "model": "electoralarea.comuna", "fields": {"region": 7, "name": "Lo Espejo", "district": 30}}, {"pk": 92, "model": "electoralarea.comuna", "fields": {"region": 7, "name": "Lo Prado", "district": 18}}, {"pk": 157, "model": "electoralarea.comuna", "fields": {"region": 8, "name": "Lolol", "district": 35}}, {"pk": 280, "model": "electoralarea.comuna", "fields": {"region": 11, "name": "Loncoche", "district": 52}}, {"pk": 194, "model": "electoralarea.comuna", "fields": {"region": 9, "name": "Longaví", "district": 40}}, {"pk": 263, "model": "electoralarea.comuna", "fields": {"region": 11, "name": "Lonquimay", "district": 49}}, {"pk": 60, "model": "electoralarea.comuna", "fields": {"region": 6, "name": "Los Andes", "district": 11}}, {"pk": 292, "model": "electoralarea.comuna", "fields": {"region": 12, "name": "Los Lagos", "district": 54}}, {"pk": 302, "model": "electoralarea.comuna", "fields": {"region": 13, "name": "Los Muermos", "district": 56}}, {"pk": 255, "model": "electoralarea.comuna", "fields": {"region": 11, "name": "Los Sauces", "district": 48}}, {"pk": 41, "model": "electoralarea.comuna", "fields": {"region": 5, "name": "Los Vilos", "district": 9}}, {"pk": 236, "model": "electoralarea.comuna", "fields": {"region": 10, "name": "Los Álamos", "district": 46}}, {"pk": 243, "model": "electoralarea.comuna", "fields": {"region": 10, "name": "Los Ángeles", "district": 47}}, {"pk": 238, "model": "electoralarea.comuna", "fields": {"region": 10, "name": "Lota", "district": 46}}, {"pk": 256, "model": "electoralarea.comuna", "fields": {"region": 11, "name": "Lumaco", "district": 48}}, {"pk": 141, "model": "electoralarea.comuna", "fields": {"region": 8, "name": "Machalí", "district": 33}}, {"pk": 122, "model": "electoralarea.comuna", "fields": {"region": 7, "name": "Macul", "district": 27}}, {"pk": 98, "model": "electoralarea.comuna", "fields": {"region": 7, "name": "Maipú", "district": 20}}, {"pk": 142, "model": "electoralarea.comuna", "fields": {"region": 8, "name": "Malloa", "district": 33}}, {"pk": 158, "model": "electoralarea.comuna", "fields": {"region": 8, "name": "Marchihue", "district": 35}}, {"pk": 287, "model": "electoralarea.comuna", "fields": {"region": 12, "name": "Mariquina", "district": 53}}, {"pk": 13, "model": "electoralarea.comuna", "fields": {"region": 3, "name": "María Elena", "district": 3}}, {"pk": 108, "model": "electoralarea.comuna", "fields": {"region": 7, "name": "María Pinto", "district": 23}}, {"pk": 181, "model": "electoralarea.comuna", "fields": {"region": 9, "name": "Maule", "district": 38}}, {"pk": 310, "model": "electoralarea.comuna", "fields": {"region": 13, "name": "Maullín", "district": 57}}, {"pk": 18, "model": "electoralarea.comuna", "fields": {"region": 3, "name": "Mejillones", "district": 4}}, {"pk": 264, "model": "electoralarea.comuna", "fields": {"region": 11, "name": "Melipeuco", "district": 49}}, {"pk": 109, "model": "electoralarea.comuna", "fields": {"region": 7, "name": "Melipilla", "district": 23}}, {"pk": 171, "model": "electoralarea.comuna", "fields": {"region": 9, "name": "Molina", "district": 36}}, {"pk": 42, "model": "electoralarea.comuna", "fields": {"region": 5, "name": "Monte Patria", "district": 9}}, {"pk": 143, "model": "electoralarea.comuna", "fields": {"region": 8, "name": "Mostazal", "district": 33}}, {"pk": 244, "model": "electoralarea.comuna", "fields": {"region": 10, "name": "Mulchén", "district": 47}}, {"pk": 286, "model": "electoralarea.comuna", "fields": {"region": 12, "name": "Máfil", "district": 53}}, {"pk": 245, "model": "electoralarea.comuna", "fields": {"region": 10, "name": "Nacimiento", "district": 47}}, {"pk": 159, "model": "electoralarea.comuna", "fields": {"region": 8, "name": "Nancagua", "district": 35}}, {"pk": 339, "model": "electoralarea.comuna", "fields": {"region": 15, "name": "Natales", "district": 60}}, {"pk": 160, "model": "electoralarea.comuna", "fields": {"region": 8, "name": "Navidad", "district": 35}}, {"pk": 246, "model": "electoralarea.comuna", "fields": {"region": 10, "name": "Negrete", "district": 47}}, {"pk": 206, "model": "electoralarea.comuna", "fields": {"region": 10, "name": "Ninhue", "district": 41}}, {"pk": 50, "model": "electoralarea.comuna", "fields": {"region": 6, "name": "Nogales", "district": 10}}, {"pk": 273, "model": "electoralarea.comuna", "fields": {"region": 11, "name": "Nueva Imperial", "district": 51}}, {"pk": 334, "model": "electoralarea.comuna", "fields": {"region": 14, "name": "O'Higgins", "district": 59}}, {"pk": 144, "model": "electoralarea.comuna", "fields": {"region": 8, "name": "Olivar", "district": 33}}, {"pk": 14, "model": "electoralarea.comuna", "fields": {"region": 3, "name": "Ollagüe", "district": 3}}, {"pk": 68, "model": "electoralarea.comuna", "fields": {"region": 6, "name": "Olmué", "district": 12}}, {"pk": 296, "model": "electoralarea.comuna", "fields": {"region": 13, "name": "Osorno", "district": 55}}, {"pk": 36, "model": "electoralarea.comuna", "fields": {"region": 5, "name": "Ovalle", "district": 8}}, {"pk": 110, "model": "electoralarea.comuna", "fields": {"region": 7, "name": "Padre Hurtado", "district": 23}}, {"pk": 268, "model": "electoralarea.comuna", "fields": {"region": 11, "name": "Padre Las Casas", "district": 50}}, {"pk": 33, "model": "electoralarea.comuna", "fields": {"region": 5, "name": "Paihuano", "district": 7}}, {"pk": 293, "model": "electoralarea.comuna", "fields": {"region": 12, "name": "Paillaco", "district": 54}}, {"pk": 102, "model": "electoralarea.comuna", "fields": {"region": 7, "name": "Paine", "district": 22}}, {"pk": 320, "model": "electoralarea.comuna", "fields": {"region": 13, "name": "Palena", "district": 58}}, {"pk": 161, "model": "electoralarea.comuna", "fields": {"region": 8, "name": "Palmilla", "district": 35}}, {"pk": 294, "model": "electoralarea.comuna", "fields": {"region": 12, "name": "Panguipulli", "district": 54}}, {"pk": 61, "model": "electoralarea.comuna", "fields": {"region": 6, "name": "Panquehue", "district": 11}}, {"pk": 51, "model": "electoralarea.comuna", "fields": {"region": 6, "name": "Papudo", "district": 10}}, {"pk": 162, "model": "electoralarea.comuna", "fields": {"region": 8, "name": "Paredones", "district": 35}}, {"pk": 195, "model": "electoralarea.comuna", "fields": {"region": 9, "name": "Parral", "district": 40}}, {"pk": 129, "model": "electoralarea.comuna", "fields": {"region": 7, "name": "Pedro Aguirre Cerda", "district": 30}}, {"pk": 182, "model": "electoralarea.comuna", "fields": {"region": 9, "name": "Pelarco", "district": 38}}, {"pk": 196, "model": "electoralarea.comuna", "fields": {"region": 9, "name": "Pelluhue", "district": 40}}, {"pk": 228, "model": "electoralarea.comuna", "fields": {"region": 10, "name": "Pemuco", "district": 45}}, {"pk": 183, "model": "electoralarea.comuna", "fields": {"region": 9, "name": "Pencahue", "district": 38}}, {"pk": 221, "model": "electoralarea.comuna", "fields": {"region": 10, "name": "Penco", "district": 44}}, {"pk": 163, "model": "electoralarea.comuna", "fields": {"region": 8, "name": "Peralillo", "district": 35}}, {"pk": 265, "model": "electoralarea.comuna", "fields": {"region": 11, "name": "Perquenco", "district": 49}}, {"pk": 52, "model": "electoralarea.comuna", "fields": {"region": 6, "name": "Petorca", "district": 10}}, {"pk": 150, "model": "electoralarea.comuna", "fields": {"region": 8, "name": "Peumo", "district": 34}}, {"pk": 111, "model": "electoralarea.comuna", "fields": {"region": 7, "name": "Peñaflor", "district": 23}}, {"pk": 120, "model": "electoralarea.comuna", "fields": {"region": 7, "name": "Peñalolén", "district": 26}}, {"pk": 10, "model": "electoralarea.comuna", "fields": {"region": 2, "name": "Pica", "district": 2}}, {"pk": 151, "model": "electoralarea.comuna", "fields": {"region": 8, "name": "Pichidegua", "district": 34}}, {"pk": 164, "model": "electoralarea.comuna", "fields": {"region": 8, "name": "Pichilemu", "district": 35}}, {"pk": 229, "model": "electoralarea.comuna", "fields": {"region": 10, "name": "Pinto", "district": 45}}, {"pk": 132, "model": "electoralarea.comuna", "fields": {"region": 7, "name": "Pirque", "district": 31}}, {"pk": 274, "model": "electoralarea.comuna", "fields": {"region": 11, "name": "Pitrufquén", "district": 51}}, {"pk": 165, "model": "electoralarea.comuna", "fields": {"region": 8, "name": "Placilla", "district": 35}}, {"pk": 203, "model": "electoralarea.comuna", "fields": {"region": 10, "name": "Portezuelo", "district": 41}}, {"pk": 340, "model": "electoralarea.comuna", "fields": {"region": 15, "name": "Porvenir", "district": 60}}, {"pk": 11, "model": "electoralarea.comuna", "fields": {"region": 2, "name": "Pozo Almonte", "district": 2}}, {"pk": 341, "model": "electoralarea.comuna", "fields": {"region": 15, "name": "Primavera", "district": 60}}, {"pk": 115, "model": "electoralarea.comuna", "fields": {"region": 7, "name": "Providencia", "district": 24}}, {"pk": 53, "model": "electoralarea.comuna", "fields": {"region": 6, "name": "Puchuncaví", "district": 10}}, {"pk": 281, "model": "electoralarea.comuna", "fields": {"region": 11, "name": "Pucón", "district": 52}}, {"pk": 86, "model": "electoralarea.comuna", "fields": {"region": 7, "name": "Pudahuel", "district": 16}}, {"pk": 133, "model": "electoralarea.comuna", "fields": {"region": 7, "name": "Puente Alto", "district": 31}}, {"pk": 311, "model": "electoralarea.comuna", "fields": {"region": 13, "name": "Puerto Montt", "district": 57}}, {"pk": 303, "model": "electoralarea.comuna", "fields": {"region": 13, "name": "Puerto Octay", "district": 56}}, {"pk": 304, "model": "electoralarea.comuna", "fields": {"region": 13, "name": "Puerto Varas", "district": 56}}, {"pk": 166, "model": "electoralarea.comuna", "fields": {"region": 8, "name": "Pumanque", "district": 35}}, {"pk": 43, "model": "electoralarea.comuna", "fields": {"region": 5, "name": "Punitaqui", "district": 9}}, {"pk": 342, "model": "electoralarea.comuna", "fields": {"region": 15, "name": "Punta Arenas", "district": 60}}, {"pk": 321, "model": "electoralarea.comuna", "fields": {"region": 13, "name": "Puqueldón", "district": 58}}, {"pk": 306, "model": "electoralarea.comuna", "fields": {"region": 13, "name": "Purranque", "district": 56}}, {"pk": 257, "model": "electoralarea.comuna", "fields": {"region": 11, "name": "Purén", "district": 48}}, {"pk": 62, "model": "electoralarea.comuna", "fields": {"region": 6, "name": "Putaendo", "district": 11}}, {"pk": 4, "model": "electoralarea.comuna", "fields": {"region": 1, "name": "Putre", "district": 1}}, {"pk": 305, "model": "electoralarea.comuna", "fields": {"region": 13, "name": "Puyehue", "district": 56}}, {"pk": 322, "model": "electoralarea.comuna", "fields": {"region": 13, "name": "Queilén", "district": 58}}, {"pk": 323, "model": "electoralarea.comuna", "fields": {"region": 13, "name": "Quellón", "district": 58}}, {"pk": 324, "model": "electoralarea.comuna", "fields": {"region": 13, "name": "Quemchi", "district": 58}}, {"pk": 247, "model": "electoralarea.comuna", "fields": {"region": 10, "name": "Quilaco", "district": 47}}, {"pk": 85, "model": "electoralarea.comuna", "fields": {"region": 7, "name": "Quilicura", "district": 16}}, {"pk": 248, "model": "electoralarea.comuna", "fields": {"region": 10, "name": "Quilleco", "district": 47}}, {"pk": 54, "model": "electoralarea.comuna", "fields": {"region": 6, "name": "Quillota", "district": 10}}, {"pk": 204, "model": "electoralarea.comuna", "fields": {"region": 10, "name": "Quillón", "district": 41}}, {"pk": 69, "model": "electoralarea.comuna", "fields": {"region": 6, "name": "Quilpué", "district": 12}}, {"pk": 325, "model": "electoralarea.comuna", "fields": {"region": 13, "name": "Quinchao", "district": 58}}, {"pk": 93, "model": "electoralarea.comuna", "fields": {"region": 7, "name": "Quinta Normal", "district": 18}}, {"pk": 145, "model": "electoralarea.comuna", "fields": {"region": 8, "name": "Quinta de Tilcoco", "district": 33}}, {"pk": 55, "model": "electoralarea.comuna", "fields": {"region": 6, "name": "Quintero", "district": 10}}, {"pk": 205, "model": "electoralarea.comuna", "fields": {"region": 10, "name": "Quirihue", "district": 41}}, {"pk": 135, "model": "electoralarea.comuna", "fields": {"region": 8, "name": "Rancagua", "district": 32}}, {"pk": 172, "model": "electoralarea.comuna", "fields": {"region": 9, "name": "Rauco", "district": 36}}, {"pk": 95, "model": "electoralarea.comuna", "fields": {"region": 7, "name": "Recoleta", "district": 19}}, {"pk": 258, "model": "electoralarea.comuna", "fields": {"region": 11, "name": "Renaico", "district": 48}}, {"pk": 90, "model": "electoralarea.comuna", "fields": {"region": 7, "name": "Renca", "district": 17}}, {"pk": 146, "model": "electoralarea.comuna", "fields": {"region": 8, "name": "Rengo", "district": 33}}, {"pk": 147, "model": "electoralarea.comuna", "fields": {"region": 8, "name": "Requínoa", "district": 33}}, {"pk": 197, "model": "electoralarea.comuna", "fields": {"region": 9, "name": "Retiro", "district": 40}}, {"pk": 63, "model": "electoralarea.comuna", "fields": {"region": 6, "name": "Rinconada", "district": 11}}, {"pk": 173, "model": "electoralarea.comuna", "fields": {"region": 9, "name": "Romeral", "district": 36}}, {"pk": 207, "model": "electoralarea.comuna", "fields": {"region": 10, "name": "Ránquil", "district": 41}}, {"pk": 295, "model": "electoralarea.comuna", "fields": {"region": 12, "name": "Río Bueno", "district": 54}}, {"pk": 184, "model": "electoralarea.comuna", "fields": {"region": 9, "name": "Río Claro", "district": 38}}, {"pk": 37, "model": "electoralarea.comuna", "fields": {"region": 5, "name": "Río Hurtado", "district": 8}}, {"pk": 333, "model": "electoralarea.comuna", "fields": {"region": 14, "name": "Río Ibáñez", "district": 59}}, {"pk": 307, "model": "electoralarea.comuna", "fields": {"region": 13, "name": "Río Negro", "district": 56}}, {"pk": 343, "model": "electoralarea.comuna", "fields": {"region": 15, "name": "Río Verde", "district": 60}}, {"pk": 275, "model": "electoralarea.comuna", "fields": {"region": 11, "name": "Saavedra", "district": 51}}, {"pk": 174, "model": "electoralarea.comuna", "fields": {"region": 9, "name": "Sagrada Familia", "district": 36}}, {"pk": 44, "model": "electoralarea.comuna", "fields": {"region": 5, "name": "Salamanca", "district": 9}}, {"pk": 81, "model": "electoralarea.comuna", "fields": {"region": 6, "name": "San Antonio", "district": 15}}, {"pk": 103, "model": "electoralarea.comuna", "fields": {"region": 7, "name": "San Bernardo", "district": 22}}, {"pk": 208, "model": "electoralarea.comuna", "fields": {"region": 10, "name": "San Carlos", "district": 41}}, {"pk": 185, "model": "electoralarea.comuna", "fields": {"region": 9, "name": "San Clemente", "district": 38}}, {"pk": 64, "model": "electoralarea.comuna", "fields": {"region": 6, "name": "San Esteban", "district": 11}}, {"pk": 209, "model": "electoralarea.comuna", "fields": {"region": 10, "name": "San Fabián", "district": 41}}, {"pk": 65, "model": "electoralarea.comuna", "fields": {"region": 6, "name": "San Felipe", "district": 11}}, {"pk": 152, "model": "electoralarea.comuna", "fields": {"region": 8, "name": "San Fernando", "district": 34}}, {"pk": 344, "model": "electoralarea.comuna", "fields": {"region": 15, "name": "San Gregorio", "district": 60}}, {"pk": 230, "model": "electoralarea.comuna", "fields": {"region": 10, "name": "San Ignacio", "district": 45}}, {"pk": 189, "model": "electoralarea.comuna", "fields": {"region": 9, "name": "San Javier", "district": 39}}, {"pk": 123, "model": "electoralarea.comuna", "fields": {"region": 7, "name": "San Joaquín", "district": 27}}, {"pk": 134, "model": "electoralarea.comuna", "fields": {"region": 7, "name": "San José de Maipo", "district": 31}}, {"pk": 297, "model": "electoralarea.comuna", "fields": {"region": 13, "name": "San Juan de la Costa", "district": 55}}, {"pk": 130, "model": "electoralarea.comuna", "fields": {"region": 7, "name": "San Miguel", "district": 30}}, {"pk": 210, "model": "electoralarea.comuna", "fields": {"region": 10, "name": "San Nicolás", "district": 41}}, {"pk": 298, "model": "electoralarea.comuna", "fields": {"region": 13, "name": "San Pablo", "district": 55}}, {"pk": 112, "model": "electoralarea.comuna", "fields": {"region": 7, "name": "San Pedro", "district": 23}}, {"pk": 15, "model": "electoralarea.comuna", "fields": {"region": 3, "name": "San Pedro de Atacama", "district": 3}}, {"pk": 217, "model": "electoralarea.comuna", "fields": {"region": 10, "name": "San Pedro de la Paz", "district": 43}}, {"pk": 186, "model": "electoralarea.comuna", "fields": {"region": 9, "name": "San Rafael", "district": 38}}, {"pk": 127, "model": "electoralarea.comuna", "fields": {"region": 7, "name": "San Ramón", "district": 29}}, {"pk": 249, "model": "electoralarea.comuna", "fields": {"region": 10, "name": "San Rosendo", "district": 47}}, {"pk": 153, "model": "electoralarea.comuna", "fields": {"region": 8, "name": "San Vicente", "district": 34}}, {"pk": 250, "model": "electoralarea.comuna", "fields": {"region": 10, "name": "Santa Bárbara", "district": 47}}, {"pk": 167, "model": "electoralarea.comuna", "fields": {"region": 8, "name": "Santa Cruz", "district": 35}}, {"pk": 222, "model": "electoralarea.comuna", "fields": {"region": 10, "name": "Santa Juana", "district": 44}}, {"pk": 66, "model": "electoralarea.comuna", "fields": {"region": 6, "name": "Santa María", "district": 11}}, {"pk": 99, "model": "electoralarea.comuna", "fields": {"region": 7, "name": "Santiago", "district": 21}}, {"pk": 82, "model": "electoralarea.comuna", "fields": {"region": 6, "name": "Santo Domingo", "district": 15}}, {"pk": 19, "model": "electoralarea.comuna", "fields": {"region": 3, "name": "Sierra Gorda", "district": 4}}, {"pk": 113, "model": "electoralarea.comuna", "fields": {"region": 7, "name": "Talagante", "district": 23}}, {"pk": 177, "model": "electoralarea.comuna", "fields": {"region": 9, "name": "Talca", "district": 37}}, {"pk": 214, "model": "electoralarea.comuna", "fields": {"region": 10, "name": "Talcahuano", "district": 42}}, {"pk": 20, "model": "electoralarea.comuna", "fields": {"region": 3, "name": "Taltal", "district": 4}}, {"pk": 269, "model": "electoralarea.comuna", "fields": {"region": 11, "name": "Temuco", "district": 50}}, {"pk": 175, "model": "electoralarea.comuna", "fields": {"region": 9, "name": "Teno", "district": 36}}, {"pk": 276, "model": "electoralarea.comuna", "fields": {"region": 11, "name": "Teodoro Schmidt", "district": 51}}, {"pk": 28, "model": "electoralarea.comuna", "fields": {"region": 4, "name": "Tierra Amarilla", "district": 6}}, {"pk": 87, "model": "electoralarea.comuna", "fields": {"region": 7, "name": "Tiltil", "district": 16}}, {"pk": 345, "model": "electoralarea.comuna", "fields": {"region": 15, "name": "Timaukel", "district": 60}}, {"pk": 239, "model": "electoralarea.comuna", "fields": {"region": 10, "name": "Tirúa", "district": 46}}, {"pk": 16, "model": "electoralarea.comuna", "fields": {"region": 3, "name": "Tocopilla", "district": 3}}, {"pk": 282, "model": "electoralarea.comuna", "fields": {"region": 11, "name": "Toltén", "district": 52}}, {"pk": 223, "model": "electoralarea.comuna", "fields": {"region": 10, "name": "Tomé", "district": 44}}, {"pk": 346, "model": "electoralarea.comuna", "fields": {"region": 15, "name": "Torres del Paine", "district": 60}}, {"pk": 335, "model": "electoralarea.comuna", "fields": {"region": 14, "name": "Tortel", "district": 59}}, {"pk": 259, "model": "electoralarea.comuna", "fields": {"region": 11, "name": "Traiguén", "district": 48}}, {"pk": 211, "model": "electoralarea.comuna", "fields": {"region": 10, "name": "Treguaco", "district": 41}}, {"pk": 251, "model": "electoralarea.comuna", "fields": {"region": 10, "name": "Tucapel", "district": 47}}, {"pk": 288, "model": "electoralarea.comuna", "fields": {"region": 12, "name": "Valdivia", "district": 53}}, {"pk": 29, "model": "electoralarea.comuna", "fields": {"region": 4, "name": "Vallenar", "district": 6}}, {"pk": 73, "model": "electoralarea.comuna", "fields": {"region": 6, "name": "Valparaíso", "district": 13}}, {"pk": 176, "model": "electoralarea.comuna", "fields": {"region": 9, "name": "Vichuquén", "district": 36}}, {"pk": 266, "model": "electoralarea.comuna", "fields": {"region": 11, "name": "Victoria", "district": 49}}, {"pk": 34, "model": "electoralarea.comuna", "fields": {"region": 5, "name": "Vicuña", "district": 7}}, {"pk": 267, "model": "electoralarea.comuna", "fields": {"region": 11, "name": "Vilcún", "district": 49}}, {"pk": 190, "model": "electoralarea.comuna", "fields": {"region": 9, "name": "Villa Alegre", "district": 39}}, {"pk": 70, "model": "electoralarea.comuna", "fields": {"region": 6, "name": "Villa Alemana", "district": 12}}, {"pk": 283, "model": "electoralarea.comuna", "fields": {"region": 11, "name": "Villarrica", "district": 52}}, {"pk": 118, "model": "electoralarea.comuna", "fields": {"region": 7, "name": "Vitacura", "district": 25}}, {"pk": 75, "model": "electoralarea.comuna", "fields": {"region": 6, "name": "Viña del Mar", "district": 14}}, {"pk": 191, "model": "electoralarea.comuna", "fields": {"region": 9, "name": "Yerbas Buenas", "district": 39}}, {"pk": 212, "model": "electoralarea.comuna", "fields": {"region": 10, "name": "Yumbel", "district": 41}}, {"pk": 231, "model": "electoralarea.comuna", "fields": {"region": 10, "name": "Yungay", "district": 45}}, {"pk": 56, "model": "electoralarea.comuna", "fields": {"region": 6, "name": "Zapallar", "district": 10}}, {"pk": 202, "model": "electoralarea.comuna", "fields": {"region": 10, "name": "Ñiquén", "district": 41}}, {"pk": 114, "model": "electoralarea.comuna", "fields": {"region": 7, "name": "Ñuñoa", "district": 24}}, {"pk": 2, "model": "electoralarea.region", "fields": {"name": "I Región de Tarapacá"}}, {"pk": 3, "model": "electoralarea.region", "fields": {"name": "II Región de Antofagasta"}}, {"pk": 4, "model": "electoralarea.region", "fields": {"name": "III Región de Atacama"}}, {"pk": 5, "model": "electoralarea.region", "fields": {"name": "IV Región de Coquimbo"}}, {"pk": 11, "model": "electoralarea.region", "fields": {"name": "IX Región de la Araucanía"}}, {"pk": 7, "model": "electoralarea.region", "fields": {"name": "Región Metropolitana de Santiago"}}, {"pk": 14, "model": "electoralarea.region", "fields": {"name": "Región de Aysén del General Carlos Ibáñez del Campo"}}, {"pk": 6, "model": "electoralarea.region", "fields": {"name": "V Región de Valparaíso"}}, {"pk": 8, "model": "electoralarea.region", "fields": {"name": "VI Región del Libertador General Bernardo O'Higgins"}}, {"pk": 9, "model": "electoralarea.region", "fields": {"name": "VII Región del Maule"}}, {"pk": 10, "model": "electoralarea.region", "fields": {"name": "VIII Región del Biobío"}}, {"pk": 13, "model": "electoralarea.region", "fields": {"name": "X Región de Los Lagos"}}, {"pk": 15, "model": "electoralarea.region", "fields": {"name": "XII Región de Magallanes y la Antártica Chilena"}}, {"pk": 12, "model": "electoralarea.region", "fields": {"name": "XIV Región de Los Ríos"}}, {"pk": 1, "model": "electoralarea.region", "fields": {"name": "XV Región de Arica y Parinacota"}}]